question,answer
"Що таке автоматизація процесів за допомогою AI?","Це використання технологій штучного інтелекту для оптимізації та виконання бізнес-завдань, які раніше вимагали людського втручання. Це може включати все: від простої автоматизації введення даних до складного прийняття рішень."
"Які переваги автоматизації AI для мого бізнесу?","Головні переваги включають підвищення ефективності, зниження витрат, зменшення кількості помилок, покращення обслуговування клієнтів та можливість для ваших співробітників зосередитися на більш стратегічних завданнях."
"Які саме процеси можна автоматизувати?","Майже будь-який повторюваний процес можна автоматизувати. Популярні приклади включають обслуговування клієнтів (чат-боти), маркетинг (персоналізовані кампанії), фінанси (обробка рахунків), та HR (підбір кандидатів)."
"Чи підходить AI автоматизація для малого та середнього бізнесу (МСБ)?","Абсолютно! Раніше це було доступно лише великим корпораціям, але зараз існують доступні та масштабовані рішення, розроблені спеціально для потреб МСБ."
"Скільки коштує впровадження AI автоматизації?","Вартість може значно варіюватися залежно від складності завдань та обраних інструментів. Ми пропонуємо гнучкі тарифні плани та індивідуальні рішення, щоб відповідати вашому бюджету."
"Як швидко я побачу результати?","Часові рамки залежать від складності проекту. Деякі прості автоматизації можуть бути впроваджені за кілька днів і дати негайний ефект, тоді як більш комплексні проекти можуть вимагати кількох тижнів або місяців для повної інтеграції та отримання максимальної віддачі."
"Чи потрібно мені мати технічні знання для роботи з вашими рішеннями?","Ні, наші рішення розроблені таким чином, щоб бути інтуїтивно зрозумілими для користувачів без технічного досвіду. Ми також надаємо повну підтримку та навчання."
"Чи замінить AI моїх співробітників?","Наша мета — не замінити людей, а розширити їхні можливості. AI бере на себе рутинні завдання, дозволяючи вашим співробітникам зосередитися на творчості, стратегії та взаємодії з клієнтами, що не може зробити машина."
"Як ви забезпечуєте безпеку моїх даних?","Ми ставимо безпеку даних на перше місце. Ми використовуємо передові методи шифрування та дотримуємося найсуворіших стандартів безпеки для захисту вашої комерційної інформації."
"З чого почати автоматизацію процесів у моїй компанії?","Найкращий перший крок — це зв'язатися з нами для безкоштовної консультації. Ми проаналізуємо ваші бізнес-процеси та визначимо, де автоматизація принесе найбільшу користь."
"Які інструменти та технології ви використовуєте?","Ми використовуємо широкий спектр передових AI-технологій, включаючи машинне навчання (ML), обробку природної мови (NLP) та роботизовану автоматизацію процесів (RPA), підбираючи найкращий інструмент для конкретного завдання." "Чи можете ви інтегрувати ваші рішення з моїми існуючими системами (CRM, ERP тощо)?","Так, наші рішення розроблені для легкої інтеграції з більшістю популярних бізнес-систем, забезпечуючи безперебійний потік даних та роботу."
"Як вимірюється успішність (ROI) від впровадження AI автоматизації?","Ми допоможемо вам визначити ключові показники ефективності (KPI) перед початком проекту. Це можуть бути час, зекономлений на завданнях, зниження операційних витрат, збільшення продажів або підвищення задоволеності клієнтів."
"Що робити, якщо мої бізнес-процеси зміняться в майбутньому?","Наші рішення є гнучкими та масштабованими. Ми можемо легко адаптувати та налаштувати автоматизацію відповідно до зростання та змін у вашому бізнесі."
"Чи надаєте ви підтримку після впровадження?","Так, ми пропонуємо постійну технічну підтримку та обслуговування, щоб гарантувати, що ваші автоматизовані системи працюють бездоганно та ефективно."
"Яка ваша спеціалізація? В яких галузях ви маєте найбільший досвід?","Ми маємо досвід роботи з різними галузями, включаючи електронну комерцію, роздрібну торгівлю, фінансові послуги, охорону здоров'я та виробництво. Ми спеціалізуємося на адаптації AI-рішень до унікальних потреб кожної галузі."
"Що відрізняє вас від інших компаній, що надають послуги AI автоматизації?","Ми зосереджені саме на потребах малого та середнього бізнесу. Наш підхід полягає у створенні практичних, доступних та орієнтованих на результат рішень, а не просто у продажу складних технологій."
"Чи можу я побачити приклади (кейси) вашої роботи?","Звісно. На нашому сайті є розділ з кейсами, де ми детально розповідаємо про проекти, реалізовані для наших клієнтів, та досягнуті результати."
"Як відбувається процес співпраці з вами?","Процес зазвичай включає наступні етапи: первинна консультація та аналіз потреб, розробка індивідуальної стратегії автоматизації, впровадження та тестування рішення, навчання вашої команди та подальша підтримка."
"Які гарантії ви надаєте?","Ми гарантуємо, що розроблені нами рішення будуть відповідати узгодженим вимогам та цілям. Наша мета - ваше повне задоволення та досягнення вимірних бізнес-результатів."